name,gender
Sharon Rogers,Female
Victor Phillips,Male
Pamela Butler,Female
Barbara Moore,Female
Angela Roberts,Female
Teresa Barnes,Female
Frank Parker,Male
Laura Hall,Female
Brandon Patterson,Male
Gregory Lopez,Male
Amy Bennett,Female
Christine Robinson,Female
Wayne Brooks,Male
Fred Murphy,Male
Beverly Stewart,Female
Tina Sanders,Female
Felienne Hermans,Female
Christopher Williams,Male
Anthony Jenkins,Male
Joseph Howard,Male
Sandra Sanchez,Female
Nancy Bryant,Female
Albert Ross,Male
Janice Hughes,Female
Mildred Powell,Male
Justin King,Male
Emma Jones,Female
Emily Kelly,Female
Billy Lee,Male
Lillian Allen,Female
Shirley Evans,Female
Elizabeth Morgan,Female
Debra Diaz,Female
Betty Rivera,Female
Alan Cook,Male
Jeremy Martinez,Male
Ronald Young,Male
Annie Long,Female
Christina Thompson,Female
Theresa Mitchell,Female
Margaret Clark,Female
Carlos Watson,Male
Jack Russell,Male
Patricia Perez,Female
Marhsall Davis,Male
Bruce Ward,Male
Joe Reed,Male
Kathleen Foster,Female
Carolyn Edwards,Female
Bonnie Lewis,Female
